event_id;sale_name;sale_cost
1;name;15280
1;name;20940
1;name;21959
1;name;25860
1;name;26192
1;name;9222
1;name;9157
2;name;5358
2;name;10024
2;name;4207
2;name;7336
2;name;1402
2;name;9819
2;name;8277
2;name;5954
2;name;3743
2;name;9602
2;name;4920
2;name;4543
3;name;4080
3;name;3127
3;name;3454
3;name;3985
3;name;4410
3;name;4318
3;name;4267
3;name;6994
3;name;729
3;name;7868
3;name;9018
3;name;5490
3;name;2960
3;name;4530
3;name;2751
4;name;31367
4;name;24697
4;name;18657
4;name;7974
4;name;4134
4;name;25610
4;name;4994
5;name;2282
5;name;7103
5;name;8411
5;name;1054
5;name;7262
5;name;2965
5;name;1351
5;name;4302
5;name;4997
5;name;12356
5;name;5130
5;name;1507
5;name;4170
5;name;11786
5;name;1059
5;name;6031
6;name;6088
6;name;2010
6;name;3215
6;name;7571
6;name;9409
6;name;572
6;name;2026
6;name;2415
6;name;2760
7;name;3400
7;name;1490
7;name;2199
7;name;7402
7;name;5839
7;name;7821
7;name;4128
7;name;3171
7;name;5868
8;name;6244
8;name;8776
8;name;2293
8;name;2451
8;name;7442
8;name;9871
8;name;1885
8;name;1806
8;name;4160
8;name;9377
8;name;5157
8;name;3275
8;name;2658
8;name;1417
8;name;4896
8;name;4183
9;name;8574
9;name;5329
9;name;7341
9;name;3308
9;name;9790
9;name;5404
9;name;11181
9;name;7468
9;name;9945
9;name;7726
9;name;4960
9;name;7549
9;name;10192
9;name;2518
9;name;3248
9;name;2771
9;name;1756
9;name;9395
9;name;4679
9;name;12181
9;name;7814
9;name;11877
9;name;3367
10;name;1161
10;name;2009
10;name;3358
10;name;11828
10;name;9109
10;name;4784
10;name;3988
10;name;7076
10;name;705
10;name;8070
10;name;9072
10;name;6912
10;name;5069
11;name;6034
11;name;5874
11;name;9278
11;name;8436
11;name;8626
11;name;9680
11;name;6861
11;name;556
12;name;4153
12;name;23957
12;name;21050
12;name;27649
12;name;4457
12;name;5136
12;name;10830
12;name;10982
12;name;25339
13;name;8699
13;name;5259
13;name;4734
13;name;7412
13;name;12851
13;name;17603
13;name;21030
13;name;11956
14;name;5168
14;name;20363
14;name;3789
14;name;21442
14;name;26652
14;name;25079
14;name;4083
14;name;26256
14;name;20731
14;name;23024
14;name;27661
15;name;6592
15;name;8603
15;name;9042
15;name;5838
15;name;9525
15;name;1239
15;name;1681
15;name;6816
15;name;3838
15;name;8791
15;name;4246
15;name;3787
15;name;6449
15;name;9421
15;name;2083
15;name;5269
15;name;8602
16;name;2882
16;name;5516
16;name;5162
16;name;11089
16;name;11192
16;name;4627
16;name;1634
16;name;6506
16;name;5608
16;name;841
16;name;10524
16;name;1123
16;name;11283
17;name;23041
17;name;4738
17;name;29482
17;name;28505
17;name;19009
17;name;10725
17;name;24987
17;name;26768
17;name;31552
17;name;31127
17;name;32162
17;name;6749
17;name;19630
17;name;26648
17;name;13457
18;name;6085
18;name;6879
18;name;612
18;name;4494
18;name;6160
18;name;8285
18;name;1939
18;name;3711
18;name;8374
19;name;9662
19;name;11915
19;name;10230
19;name;4937
19;name;9809
19;name;2068
19;name;5173
19;name;2392
20;name;5963
20;name;2167
20;name;2666
20;name;3325
20;name;1844
20;name;6811
21;name;27124
21;name;13833
21;name;14060
21;name;18240
21;name;15840
21;name;17851
21;name;8273
22;name;816
22;name;5768
22;name;9771
22;name;7847
22;name;7483
22;name;9885
22;name;6271
22;name;6469
22;name;4159
23;name;1209
23;name;1667
23;name;6042
23;name;1234
23;name;6679
23;name;2251
23;name;11637
23;name;5752
23;name;11595
23;name;5700
23;name;7985
23;name;7750
23;name;6044
23;name;5073
24;name;8936
24;name;19987
24;name;16223
24;name;7910
24;name;22929
24;name;4552
24;name;3469
24;name;1017
24;name;17118
24;name;23518
24;name;9461
25;name;8512
25;name;9627
25;name;6089
25;name;8889
25;name;2762
25;name;7555
25;name;7282
25;name;3590
25;name;3036
26;name;17152
26;name;30912
26;name;28017
26;name;18305
26;name;11774
26;name;8812
26;name;12023
26;name;6927
26;name;30072
27;name;9842
27;name;6591
27;name;2133
27;name;6384
27;name;3381
27;name;8372
27;name;6297
27;name;6200
28;name;732
28;name;3481
28;name;6317
28;name;9479
28;name;7123
28;name;638
28;name;1718
28;name;8036
28;name;8075
28;name;5646
28;name;5392
28;name;7920
28;name;4207
28;name;2024
29;name;7486
29;name;9859
29;name;3927
29;name;6477
29;name;8262
29;name;2534
29;name;8178
29;name;6713
29;name;2120
29;name;6266
29;name;7823
30;name;6775
30;name;7217
30;name;8388
30;name;3990
30;name;6426
30;name;7257
30;name;5649
30;name;4554
30;name;1533
30;name;2314
30;name;3311
30;name;1474
30;name;1739
31;name;25962
31;name;17975
31;name;30691
31;name;1414
31;name;23801
31;name;6643
31;name;16641
32;name;12135
32;name;1088
32;name;10712
32;name;2222
32;name;5104
32;name;3351
32;name;4776
32;name;9343
32;name;12077
33;name;11138
33;name;9806
33;name;1906
33;name;5031
33;name;6064
33;name;6619
33;name;8780
33;name;823
33;name;9036
33;name;9162
33;name;1065
33;name;5109
34;name;3398
34;name;4492
34;name;1706
34;name;2325
34;name;6223
34;name;9946
34;name;2364
34;name;2449
34;name;6124
35;name;30894
35;name;2033
35;name;30880
35;name;24931
35;name;25762
35;name;23414
35;name;8643
35;name;27604
36;name;7244
36;name;28601
36;name;4258
36;name;5062
36;name;11865
36;name;27774
36;name;22787
36;name;7021
36;name;30742
36;name;28009
36;name;12242
36;name;21951
36;name;5514
36;name;7122
36;name;17761
36;name;27593
37;name;7784
37;name;7687
37;name;5684
37;name;7366
37;name;735
37;name;8982
37;name;1329
38;name;8903
38;name;27534
38;name;9531
38;name;27678
38;name;21301
38;name;2467
38;name;23610
38;name;7776
39;name;1592
39;name;1455
39;name;4794
39;name;1995
39;name;9352
39;name;2041
39;name;3859
39;name;12158
39;name;8165
39;name;7428
39;name;5193
40;name;7864
40;name;6339
40;name;3747
40;name;2291
40;name;8356
40;name;5802
40;name;7631
40;name;6817
40;name;2442
41;name;2216
41;name;11273
41;name;4354
41;name;11468
41;name;6423
41;name;5156
41;name;4030
41;name;7958
41;name;7851
41;name;10378
41;name;9285
41;name;7413
42;name;2577
42;name;6158
42;name;593
42;name;9252
42;name;1770
42;name;4145
42;name;5047
42;name;8954
42;name;3360
42;name;1556
42;name;3754
43;name;8868
43;name;29624
43;name;16737
43;name;26273
43;name;15668
43;name;26295
43;name;10769
43;name;25729
43;name;6448
43;name;13533
43;name;6402
43;name;20092
43;name;26052
44;name;3564
44;name;6102
44;name;8812
44;name;1513
44;name;8520
44;name;721
44;name;6118
44;name;3760
44;name;2619
44;name;5317
44;name;1657
44;name;9852
44;name;9417
45;name;6516
45;name;4631
45;name;8833
45;name;660
45;name;7764
45;name;5371
45;name;1743
45;name;9637
45;name;2858
45;name;2345
46;name;5214
46;name;19151
46;name;14888
46;name;16864
46;name;23058
46;name;23479
46;name;6043
46;name;2373
46;name;7069
46;name;12236
46;name;17200
46;name;2993
46;name;5307
47;name;12222
47;name;18804
47;name;14645
47;name;27448
47;name;26525
47;name;23257
47;name;19295
47;name;20495
47;name;8317
47;name;25668
47;name;5132
48;name;1997
48;name;560
48;name;9533
48;name;4426
48;name;8891
48;name;4025
48;name;1874
48;name;7468
48;name;5468
48;name;9949
48;name;2083
49;name;1750
49;name;4512
49;name;1390
49;name;4330
49;name;7867
49;name;6822
49;name;5864
49;name;5829
49;name;2621
49;name;452
49;name;7975
50;name;11764
50;name;2274
50;name;7161
50;name;3002
50;name;9516
50;name;10485
50;name;2264
50;name;5778
50;name;3704
50;name;2710
50;name;11624
50;name;7318
50;name;6863
51;name;15106
51;name;3376
51;name;28511
51;name;3292
51;name;6292
51;name;14170
51;name;26438
52;name;3907
52;name;4732
52;name;1465
52;name;4643
52;name;3418
52;name;5990
52;name;9975
52;name;7868
52;name;1937
52;name;1827
52;name;4313
52;name;8989
52;name;7502
52;name;3239
53;name;9160
53;name;3886
53;name;7177
53;name;5023
53;name;5861
53;name;2153
53;name;2383
53;name;3578
53;name;553
53;name;7230
53;name;3047
53;name;3900
53;name;7098
54;name;1721
54;name;27873
54;name;25715
54;name;18941
54;name;21832
54;name;26552
54;name;11492
54;name;26322
55;name;17096
55;name;8248
55;name;19133
55;name;27250
55;name;12688
55;name;7377
55;name;29272
55;name;3095
55;name;3117
55;name;16422
56;name;1205
56;name;5066
56;name;6826
56;name;8588
56;name;4376
56;name;6972
56;name;6996
56;name;6489
56;name;4471
56;name;1577
57;name;5201
57;name;6036
57;name;5128
57;name;2673
57;name;5263
57;name;1601
57;name;3777
57;name;5355
57;name;7349
57;name;5078
57;name;6930
57;name;4529
57;name;762
57;name;1922
58;name;22348
58;name;27925
58;name;12633
58;name;3738
58;name;10510
58;name;7818
58;name;30218
58;name;16671
58;name;14487
58;name;20126
59;name;19818
59;name;18712
59;name;1609
59;name;23095
59;name;25620
59;name;24846
59;name;32150
59;name;19786
59;name;15945
59;name;6969
59;name;27970
59;name;29442
59;name;1966
60;name;11339
60;name;8403
60;name;6704
60;name;6402
60;name;7304
60;name;14112
60;name;2759
60;name;21735
60;name;12096
60;name;18270
60;name;6117
60;name;23176
60;name;19144
60;name;6413
61;name;31479
61;name;7009
61;name;17823
61;name;19446
61;name;18175
61;name;4251
61;name;16156
61;name;20247
61;name;14267
61;name;22211
61;name;30096
61;name;2272
61;name;22452
61;name;2364
61;name;20897
62;name;1645
62;name;1934
62;name;11514
62;name;4712
62;name;11160
62;name;11313
62;name;7598
62;name;8902
62;name;8413
62;name;11245
62;name;9654
62;name;5435
62;name;9651
62;name;5005
62;name;2628
63;name;1392
63;name;1444
63;name;5793
63;name;4822
63;name;1871
63;name;7236
63;name;9356
63;name;5025
63;name;1028
63;name;3134
63;name;648
63;name;9309
63;name;9786
64;name;7911
64;name;16859
64;name;22321
64;name;18245
64;name;20412
64;name;2312
64;name;14570
64;name;1437
64;name;4009
64;name;11553
64;name;26583
64;name;11220
64;name;23203
64;name;22903
65;name;2506
65;name;8418
65;name;9468
65;name;5880
65;name;6424
65;name;2808
65;name;5136
66;name;6377
66;name;3695
66;name;5308
66;name;4274
66;name;2040
66;name;1981
66;name;2053
66;name;7123
66;name;8450
66;name;3479
66;name;7028
67;name;1198
67;name;6924
67;name;2848
67;name;3806
67;name;9195
67;name;9179
67;name;1788
67;name;8750
67;name;9504
67;name;8635
67;name;3611
67;name;1916
67;name;9502
67;name;1913
67;name;8270
68;name;9967
68;name;1647
68;name;7159
68;name;3652
68;name;6162
68;name;3258
68;name;4664
68;name;8758
69;name;6747
69;name;2533
69;name;21895
69;name;9893
69;name;4498
69;name;9272
69;name;23474
69;name;7560
69;name;7212
70;name;12655
70;name;4340
70;name;19107
70;name;6840
70;name;17933
70;name;6176
70;name;7720
70;name;12520
70;name;9995
70;name;3582
70;name;27579
70;name;4378
71;name;8776
71;name;29720
71;name;27480
71;name;27466
71;name;5928
71;name;31167
71;name;5970
72;name;16915
72;name;15791
72;name;10896
72;name;24263
72;name;1778
72;name;24108
72;name;4670
72;name;19498
73;name;1209
73;name;4054
73;name;7877
73;name;7893
73;name;6098
73;name;4214
73;name;7035
73;name;7770
73;name;7324
73;name;4209
74;name;4953
74;name;5731
74;name;776
74;name;3419
74;name;7972
74;name;6513
75;name;5212
75;name;17146
75;name;11029
75;name;12260
75;name;3902
75;name;8679
75;name;14342
75;name;14595
75;name;12140
75;name;12684
75;name;9486
75;name;15094
75;name;21302
75;name;16405
75;name;19962
75;name;11631
75;name;2918
76;name;5588
76;name;7291
76;name;8960
76;name;12050
76;name;11555
76;name;9716
76;name;10283
76;name;10164
76;name;2743
76;name;11275
76;name;9320
77;name;16044
77;name;6873
77;name;13135
77;name;30930
77;name;21817
77;name;27319
77;name;12058
77;name;2111
77;name;31018
77;name;4794
77;name;25260
77;name;23255
78;name;29786
78;name;13647
78;name;23168
78;name;9943
78;name;3812
78;name;30040
78;name;21331
78;name;24882
79;name;4309
79;name;1337
79;name;8299
79;name;4258
79;name;18171
79;name;1626
80;name;7471
80;name;20997
80;name;31574
80;name;26579
80;name;9393
80;name;9746
80;name;8015
80;name;14275
80;name;18304
80;name;23986
80;name;8420
81;name;13637
81;name;26509
81;name;12680
81;name;26263
81;name;5530
81;name;14982
81;name;18580
81;name;16690
81;name;13585
81;name;27276
81;name;22400
81;name;28115
82;name;22912
82;name;10223
82;name;21580
82;name;1484
82;name;27316
82;name;8730
82;name;12482
82;name;13821
82;name;5245
82;name;25326
82;name;18406
83;name;30370
83;name;25827
83;name;19280
83;name;18358
83;name;4325
83;name;28031
83;name;22157
83;name;27761
83;name;12919
84;name;2396
84;name;1488
84;name;2782
84;name;3572
84;name;1577
84;name;4944
84;name;2717
84;name;6908
84;name;2423
84;name;5630
85;name;5592
85;name;2295
85;name;30258
85;name;29318
85;name;13945
85;name;21986
85;name;7047
85;name;19750
85;name;8048
86;name;30156
86;name;20663
86;name;14327
86;name;32199
86;name;15792
86;name;31263
86;name;10766
86;name;7662
86;name;7424
86;name;25923
86;name;26085
86;name;28810
86;name;26587
86;name;21304
86;name;23264
86;name;12273
86;name;15210
86;name;1552
86;name;6449
87;name;6733
87;name;7235
87;name;9199
87;name;4232
87;name;2684
87;name;7799
87;name;5383
88;name;8361
88;name;19256
88;name;4158
88;name;20004
88;name;5867
88;name;14032
88;name;24329
88;name;19030
88;name;11459
88;name;3735
88;name;19907
89;name;18925
89;name;21370
89;name;18997
89;name;5394
89;name;3463
89;name;15972
89;name;10554
89;name;1253
89;name;8713
89;name;10035
89;name;10293
89;name;21842
89;name;3441
89;name;8855
89;name;8636
89;name;19650
90;name;12135
90;name;16497
90;name;6358
90;name;3753
90;name;17193
90;name;23541
90;name;7425
90;name;15657
91;name;2936
91;name;7354
91;name;2433
91;name;20207
91;name;32295
91;name;14656
91;name;16647
91;name;24846
91;name;22363
91;name;31593
92;name;8093
92;name;6842
92;name;9669
92;name;5099
92;name;6684
92;name;8717
92;name;4649
92;name;11351
92;name;5111
92;name;530
92;name;12057
92;name;10317
93;name;2613
93;name;9836
93;name;1753
93;name;3771
93;name;702
93;name;3309
93;name;7442
93;name;2595
93;name;4356
93;name;1275
93;name;4281
93;name;3516
93;name;3650
94;name;14311
94;name;6143
94;name;4943
94;name;22302
94;name;32380
94;name;24061
94;name;30234
94;name;2579
94;name;4917
94;name;4738
94;name;16347
94;name;14175
95;name;4943
95;name;10945
95;name;2618
95;name;11863
95;name;2948
95;name;10250
95;name;10903
95;name;4735
95;name;5519
95;name;4162
95;name;10383
95;name;551
96;name;28106
96;name;3001
96;name;21304
96;name;1363
96;name;30521
96;name;8816
96;name;25528
96;name;4765
96;name;17377
96;name;21082
96;name;2992
96;name;24893
96;name;23071
96;name;23362
96;name;6548
96;name;25972
96;name;14800
96;name;26109
96;name;26328
97;name;3543
97;name;18733
97;name;27320
97;name;24255
97;name;31547
97;name;9893
97;name;30426
97;name;29140
97;name;32087
98;name;5255
98;name;12607
98;name;16940
98;name;11086
98;name;17430
98;name;9417
98;name;11824
98;name;17004
98;name;15772
98;name;26184
99;name;1356
99;name;5205
99;name;1833
99;name;4428
99;name;2277
99;name;4031
100;name;8998
100;name;20595
100;name;18977
100;name;5006
100;name;8270
100;name;25243
101;name;12968
101;name;20841
101;name;30135
101;name;25971
101;name;4028
101;name;1488
101;name;2385
101;name;10825
101;name;13232
102;name;16809
102;name;20339
102;name;23596
102;name;31969
102;name;12906
102;name;6796
102;name;9600
102;name;1874
102;name;12962
103;name;7488
103;name;14664
103;name;2483
103;name;21349
103;name;5302
103;name;22959
103;name;9729
103;name;19366
103;name;6782
103;name;15100
103;name;22699
103;name;21266
103;name;22231
103;name;13422
103;name;12113
103;name;22071
103;name;24414
103;name;2922
104;name;6099
104;name;5022
104;name;1973
104;name;9135
104;name;4236
104;name;1016
104;name;1031
104;name;5109
104;name;3022
105;name;13778
105;name;6871
105;name;3640
105;name;24636
105;name;25499
105;name;23054
105;name;22786
105;name;19112
105;name;9458
105;name;16394
106;name;439
106;name;5137
106;name;6750
106;name;7276
106;name;4294
106;name;7083
106;name;2301
106;name;9576
106;name;5921
106;name;9856
106;name;8116
107;name;3731
107;name;4487
107;name;9740
107;name;8902
107;name;2172
107;name;6573
107;name;4638
107;name;6621
107;name;8938
107;name;3772
107;name;8964
107;name;9615
107;name;8327
107;name;6270
107;name;4840
108;name;3601
108;name;16039
108;name;24407
108;name;27800
108;name;11850
108;name;13718
108;name;19120
108;name;29273
109;name;2087
109;name;2884
109;name;4712
109;name;2241
109;name;6181
109;name;8508
109;name;7596
109;name;8476
109;name;3846
109;name;5901
109;name;1185
109;name;719
109;name;8120
109;name;5940
109;name;6076
109;name;4623
110;name;5438
110;name;6978
110;name;9386
110;name;2956
110;name;1449
110;name;2405
110;name;11194
110;name;5809
110;name;8587
110;name;1253
110;name;3690
110;name;3176
111;name;25321
111;name;11980
111;name;15271
111;name;6654
111;name;6245
111;name;19496
111;name;24705
112;name;10767
112;name;1557
112;name;22938
112;name;24992
112;name;18179
112;name;6192
112;name;14290
112;name;16599
112;name;18096
112;name;11861
112;name;19786
113;name;4849
113;name;26392
113;name;20640
113;name;9302
113;name;2743
113;name;28515
113;name;18921
113;name;21691
114;name;8658
114;name;6371
114;name;7435
114;name;12115
114;name;8987
114;name;7648
114;name;1346
115;name;7992
115;name;3479
115;name;2706
115;name;600
115;name;4439
115;name;9121
115;name;5765
115;name;5079
115;name;5833
115;name;6667
115;name;9932
115;name;4196
115;name;4310
115;name;5962
115;name;2767
115;name;5124
116;name;5828
116;name;9479
116;name;8780
116;name;12134
116;name;9050
116;name;8334
116;name;6322
116;name;1556
116;name;4147
116;name;7934
116;name;1867
116;name;8507
116;name;10884
116;name;2643
116;name;12144
117;name;6012
117;name;1530
117;name;9962
117;name;2697
117;name;9486
117;name;1170
117;name;6030
117;name;9482
117;name;3979
117;name;4668
118;name;6067
118;name;26003
118;name;12381
118;name;13314
118;name;12175
118;name;5300
118;name;27760
118;name;3152
118;name;3315
118;name;29324
118;name;26741
118;name;8499
119;name;31928
119;name;30329
119;name;30529
119;name;3764
119;name;21544
119;name;3979
119;name;7863
119;name;19520
119;name;12537
120;name;3658
120;name;7621
120;name;6741
120;name;8758
120;name;6350
120;name;11110
121;name;1790
121;name;4760
121;name;2143
121;name;4493
121;name;1792
121;name;5958
121;name;9183
121;name;9660
122;name;10443
122;name;10533
122;name;9724
122;name;1772
122;name;5634
122;name;3525
122;name;4212
122;name;4144
122;name;10318
122;name;6788
122;name;1911
122;name;1921
122;name;4115
122;name;3301
122;name;7100
122;name;7117
123;name;3482
123;name;9412
123;name;7198
123;name;7852
123;name;4914
123;name;6671
123;name;8634
123;name;8502
123;name;8824
123;name;5698
124;name;3904
124;name;9441
124;name;4938
124;name;7062
124;name;3895
124;name;3264
124;name;9901
125;name;29300
125;name;18692
125;name;12547
125;name;22237
125;name;19929
125;name;30284
125;name;26529
125;name;21321
125;name;28646
125;name;12771
125;name;8730
126;name;2259
126;name;25112
126;name;28780
126;name;31444
126;name;26972
126;name;18492
126;name;3031
126;name;17141
127;name;29342
127;name;8817
127;name;17371
127;name;19301
127;name;14440
127;name;7300
127;name;5146
127;name;17633
127;name;15925
127;name;17111
127;name;1972
127;name;18512
127;name;29647
127;name;19471
127;name;16259
128;name;29676
128;name;22395
128;name;13842
128;name;20876
128;name;6927
128;name;27579
128;name;17733
128;name;4356
128;name;5383
128;name;16697
128;name;20905
128;name;11540
128;name;17834
129;name;5111
129;name;17044
129;name;7472
129;name;10288
129;name;7998
129;name;3819
129;name;26521
129;name;27849
129;name;16976
129;name;28124
129;name;8811
129;name;32068
129;name;26198
129;name;2996
129;name;3376
129;name;10539
129;name;29656
130;name;18109
130;name;3607
130;name;13396
130;name;3993
130;name;7073
130;name;22456
130;name;15875
130;name;24553
130;name;18343
130;name;29417
130;name;5853
130;name;14034
130;name;6583
130;name;13418
130;name;28373
130;name;17452
131;name;9463
131;name;10900
131;name;6758
131;name;19662
131;name;12137
131;name;10334
131;name;1458
131;name;22916
131;name;20843
131;name;3580
131;name;15756
131;name;3153
131;name;9916
131;name;5187
131;name;17002
132;name;19509
132;name;22864
132;name;31636
132;name;7254
132;name;12697
132;name;11385
133;name;4901
133;name;2891
133;name;8377
133;name;897
133;name;5778
133;name;5675
133;name;7644
133;name;4694
133;name;6332
133;name;5859
133;name;3228
133;name;9836
133;name;6842
133;name;5406
133;name;6672
133;name;6601
133;name;7680
134;name;8740
134;name;3906
134;name;9243
134;name;1346
134;name;4252
134;name;7699
134;name;9875
134;name;2938
134;name;4360
134;name;1638
134;name;6971
134;name;5882
134;name;2434
134;name;8476
134;name;1744
135;name;7884
135;name;13235
135;name;18341
135;name;26999
135;name;22270
135;name;10132
135;name;4733
135;name;21153
135;name;7761
135;name;10939
135;name;11904
135;name;9675
135;name;28795
135;name;19908
135;name;27704
135;name;1309
136;name;7092
136;name;1152
136;name;12254
136;name;3307
136;name;8354
136;name;12401
136;name;6149
136;name;5646
136;name;3643
136;name;1120
136;name;3355
137;name;24701
137;name;8257
137;name;1502
137;name;12406
137;name;4362
137;name;20188
137;name;1167
137;name;22386
137;name;19987
137;name;11262
137;name;23250
137;name;5936
137;name;10826
138;name;3474
138;name;5166
138;name;21194
138;name;21822
138;name;5977
138;name;19624
138;name;12624
138;name;1589
138;name;23412
138;name;20778
138;name;11661
138;name;16527
139;name;4256
139;name;3250
139;name;12289
139;name;1304
139;name;1268
139;name;8660
139;name;9790
139;name;8945
139;name;11941
139;name;6591
139;name;7089
140;name;26041
140;name;3324
140;name;20667
140;name;31567
140;name;21287
140;name;16521
140;name;4176
141;name;6260
141;name;7739
141;name;6200
141;name;5174
141;name;7376
141;name;3439
141;name;638
141;name;9759
141;name;8938
141;name;7830
142;name;8139
142;name;11258
142;name;10479
142;name;21174
142;name;22219
142;name;8099
142;name;12060
142;name;4612
142;name;2665
142;name;11219
142;name;32288
142;name;11303
142;name;13475
143;name;7652
143;name;1122
143;name;11932
143;name;8770
143;name;6983
143;name;12103
143;name;5748
143;name;4585
143;name;6682
144;name;15698
144;name;8994
144;name;16597
144;name;24141
144;name;13288
144;name;12233
144;name;30929
144;name;2371
144;name;15497
145;name;27409
145;name;20558
145;name;14163
145;name;15769
145;name;11554
145;name;14696
145;name;13529
145;name;16393
145;name;2145
146;name;18262
146;name;10540
146;name;21212
146;name;22395
146;name;18044
146;name;12779
146;name;11517
146;name;10064
146;name;16997
146;name;14998
146;name;19992
146;name;11856
146;name;4929
147;name;23839
147;name;20642
147;name;29628
147;name;21066
147;name;28532
147;name;18310
147;name;9146
147;name;21911
147;name;19191
147;name;10557
147;name;2923
147;name;9319
147;name;25554
148;name;10077
148;name;10961
148;name;7753
148;name;7312
148;name;2453
148;name;3924
148;name;9577
148;name;2111
148;name;9367
148;name;8106
148;name;6283
148;name;10904
148;name;7388
148;name;2664
149;name;22714
149;name;10592
149;name;12468
149;name;13075
149;name;10047
149;name;3616
149;name;23159
149;name;3465
149;name;11336
149;name;20072
149;name;5935
150;name;9847
150;name;1791
150;name;4103
150;name;4768
150;name;11048
150;name;9395
150;name;3376
150;name;3131
150;name;9826
150;name;11503
151;name;7200
151;name;9967
151;name;2227
151;name;7872
151;name;9515
151;name;5825
151;name;3666
151;name;5398
151;name;8532
151;name;6158
151;name;4522
151;name;6796
151;name;8332
151;name;582
151;name;3737
151;name;3224
151;name;5524
151;name;4411
152;name;23610
152;name;30716
152;name;21308
152;name;9175
152;name;11178
152;name;3270
152;name;18037
152;name;26250
152;name;14870
152;name;8329
152;name;21138
152;name;30816
152;name;4271
152;name;13245
152;name;21932
152;name;12509
153;name;15633
153;name;6154
153;name;12742
153;name;5523
153;name;5920
153;name;19931
153;name;4358
153;name;22453
153;name;5755
153;name;4631
153;name;30310
153;name;25456
154;name;18072
154;name;14639
154;name;17179
154;name;4693
154;name;14027
154;name;10570
154;name;1900
154;name;8011
154;name;3144
155;name;11070
155;name;6467
155;name;29493
155;name;26767
155;name;29998
155;name;30990
156;name;5715
156;name;8870
156;name;4236
156;name;9989
156;name;6413
156;name;2447
156;name;8501
156;name;3046
156;name;8926
156;name;7694
156;name;2881
156;name;3263
156;name;8248
156;name;2890
156;name;8491
156;name;8514
156;name;1812
157;name;703
157;name;1660
157;name;4995
157;name;436
157;name;1756
157;name;3920
157;name;6651
157;name;8680
157;name;405
157;name;1832
157;name;6015
157;name;5596
158;name;5408
158;name;5706
158;name;5292
158;name;1232
158;name;4322
158;name;1349
158;name;2800
158;name;7247
158;name;5578
158;name;2521
158;name;1265
158;name;4925
158;name;7236
158;name;3694
158;name;7381
159;name;3384
159;name;7358
159;name;3488
159;name;4815
159;name;768
159;name;11208
159;name;5721
159;name;2502
159;name;3797
159;name;5547
159;name;8050
159;name;1128
159;name;5608
159;name;4413
159;name;10633
160;name;2689
160;name;2121
160;name;10778
160;name;12330
160;name;10792
160;name;1054
160;name;9548
160;name;10056
160;name;10180
160;name;10758
160;name;3999
160;name;3022
160;name;5014
160;name;7841
161;name;16235
161;name;4023
161;name;13214
161;name;9893
161;name;16152
161;name;16519
161;name;24889
161;name;22588
161;name;17306
161;name;6328
161;name;30583
161;name;29294
161;name;28294
161;name;4520
161;name;5713
161;name;10930
161;name;22815
161;name;4501
161;name;6009
161;name;17295
162;name;30703
162;name;7556
162;name;17058
162;name;32314
162;name;16065
162;name;20360
162;name;18614
162;name;2371
162;name;29077
162;name;31326
162;name;16428
162;name;11373
162;name;32497
162;name;15861
163;name;7726
163;name;7933
163;name;8270
163;name;477
163;name;510
163;name;5039
163;name;3454
163;name;1776
163;name;811
164;name;23004
164;name;26088
164;name;31885
164;name;19779
164;name;16669
164;name;18041
164;name;13833
164;name;27812
164;name;29932
165;name;7009
165;name;5086
165;name;470
165;name;5011
165;name;8100
165;name;2993
165;name;5251
165;name;5219
165;name;1118
165;name;3776
165;name;6576
165;name;7562
165;name;8785
165;name;2533
166;name;29400
166;name;2289
166;name;19055
166;name;11469
166;name;13756
166;name;24503
166;name;5426
166;name;5050
166;name;29448
166;name;16495
167;name;9293
167;name;4715
167;name;6032
167;name;8558
167;name;3090
167;name;2006
167;name;4858
167;name;3111
167;name;6185
167;name;4938
167;name;4415
167;name;1520
167;name;1713
167;name;2883
167;name;3348
167;name;3124
167;name;8958
167;name;8443
167;name;2787
167;name;7462
167;name;3152
168;name;8457
168;name;10351
168;name;8704
168;name;11840
168;name;1828
168;name;12428
168;name;6620
168;name;7782
168;name;8983
169;name;12252
169;name;28975
169;name;6502
169;name;17274
169;name;14050
169;name;26018
169;name;8977
169;name;4901
170;name;5555
170;name;9246
170;name;650
170;name;8742
170;name;5076
170;name;7476
170;name;11116
170;name;6723
170;name;5157
171;name;6563
171;name;12966
171;name;4878
171;name;27632
171;name;4951
171;name;27471
171;name;17691
171;name;30972
171;name;26579
171;name;27223
172;name;5218
172;name;5894
172;name;25629
172;name;2310
172;name;16212
172;name;8325
172;name;6332
172;name;25077
172;name;20967
172;name;32211
172;name;24294
172;name;28642
172;name;12317
172;name;26217
173;name;26383
173;name;22088
173;name;20718
173;name;18213
173;name;7313
173;name;26743
173;name;1365
174;name;7834
174;name;602
174;name;2406
174;name;3114
174;name;7398
174;name;8370
174;name;8830
174;name;6199
174;name;6941
174;name;5369
174;name;5664
175;name;23787
175;name;15688
175;name;20995
175;name;9061
175;name;8403
175;name;31248
175;name;13898
175;name;22185
175;name;17391
175;name;17864
175;name;2887
175;name;13118
176;name;3996
176;name;15885
176;name;24314
176;name;10422
176;name;19530
176;name;15133
177;name;3285
177;name;12410
177;name;8356
177;name;9251
177;name;11022
177;name;3308
177;name;4586
177;name;10538
177;name;7014
177;name;1008
177;name;5605
177;name;9875
177;name;6413
178;name;3373
178;name;5378
178;name;418
178;name;2694
178;name;7134
178;name;6661
178;name;4390
179;name;4243
179;name;17521
179;name;9764
179;name;14865
179;name;15129
179;name;22095
179;name;11095
179;name;18998
179;name;3739
180;name;9994
180;name;2080
180;name;9021
180;name;8932
180;name;6561
180;name;2726
180;name;6606
180;name;6660
180;name;7342
181;name;11083
181;name;6922
181;name;11744
181;name;14875
181;name;13062
181;name;4135
181;name;5813
181;name;13755
181;name;16628
181;name;2262
181;name;2748
181;name;16290
181;name;25064
181;name;10783
181;name;29383
181;name;12743
181;name;17565
182;name;2694
182;name;7974
182;name;2699
182;name;12400
182;name;12482
182;name;11693
182;name;9382
182;name;6185
182;name;11665
182;name;6329
182;name;1979
182;name;10390
182;name;12453
183;name;20099
183;name;21964
183;name;24220
183;name;6204
183;name;8028
183;name;23007
183;name;30143
183;name;10420
183;name;4869
183;name;17296
183;name;11854
183;name;20577
183;name;29259
184;name;3250
184;name;4985
184;name;582
184;name;8896
184;name;4006
184;name;4977
184;name;9862
185;name;7276
185;name;2255
185;name;8556
185;name;8323
185;name;9038
185;name;4956
185;name;2690
185;name;6363
185;name;3614
185;name;8681
185;name;6404
185;name;2867
186;name;5707
186;name;6000
186;name;7098
186;name;406
186;name;8944
186;name;2997
186;name;2024
186;name;3986
187;name;22856
187;name;1354
187;name;21639
187;name;16876
187;name;7131
187;name;12660
187;name;24797
187;name;10364
187;name;11502
187;name;27964
187;name;23033
188;name;9098
188;name;2048
188;name;2692
188;name;945
188;name;6081
188;name;2885
188;name;1042
188;name;3525
188;name;11269
188;name;8910
188;name;11536
189;name;1088
189;name;7899
189;name;735
189;name;1281
189;name;832
189;name;4346
189;name;1551
189;name;1283
189;name;4460
190;name;21298
190;name;18841
190;name;19105
190;name;13462
190;name;8997
190;name;11570
190;name;3557
190;name;20214
190;name;14286
190;name;24531
191;name;32145
191;name;32012
191;name;23253
191;name;24744
191;name;24421
191;name;8405
191;name;14111
191;name;18076
191;name;5915
191;name;29716
191;name;20556
192;name;14813
192;name;9389
192;name;3469
192;name;24182
192;name;23960
192;name;31970
192;name;9139
192;name;12542
192;name;5985
192;name;31922
192;name;20202
192;name;25623
192;name;2354
193;name;11789
193;name;4244
193;name;6664
193;name;3003
193;name;4375
193;name;5591
193;name;4792
193;name;12213
193;name;2722
193;name;710
193;name;4828
193;name;11864
193;name;4133
193;name;3894
193;name;6433
194;name;27203
194;name;27548
194;name;10086
194;name;15658
194;name;4620
194;name;19843
194;name;2111
194;name;10455
194;name;21476
194;name;10415
194;name;11936
194;name;4420
194;name;30555
194;name;14202
195;name;2164
195;name;18007
195;name;11830
195;name;11454
195;name;31738
195;name;3463
195;name;25559
195;name;5045
196;name;18287
196;name;3088
196;name;25307
196;name;6865
196;name;31772
196;name;25866
196;name;10084
197;name;2292
197;name;9623
197;name;9679
197;name;9210
197;name;1313
197;name;9409
197;name;7189
197;name;6936
197;name;3186
198;name;4232
198;name;657
198;name;1878
198;name;5247
198;name;4327
198;name;2441
198;name;5794
198;name;5486
198;name;5080
199;name;7819
199;name;2563
199;name;4053
199;name;7874
199;name;5343
199;name;612
199;name;12009
199;name;1023
199;name;5142
199;name;6813
199;name;6025
199;name;1685
199;name;12333
200;name;13310
200;name;30183
200;name;3035
200;name;12702
200;name;4460
200;name;17386
200;name;14019
200;name;11454
200;name;21460
200;name;29391
200;name;25370
200;name;2697
201;name;8101
201;name;5510
201;name;3092
201;name;1018
201;name;9676
201;name;2980
202;name;2003
202;name;3192
202;name;5737
202;name;2518
202;name;1272
202;name;3386
202;name;2054
202;name;4812
202;name;4325
203;name;5154
203;name;9197
203;name;780
203;name;3748
203;name;8286
203;name;4096
203;name;7357
203;name;8300
203;name;7206
204;name;4405
204;name;19254
204;name;17500
204;name;5478
204;name;5900
204;name;13997
204;name;30225
204;name;6485
205;name;1102
205;name;10226
205;name;11410
205;name;2188
205;name;5015
205;name;3970
205;name;4981
205;name;5633
205;name;9938
206;name;22200
206;name;26708
206;name;12535
206;name;9027
206;name;6792
206;name;20163
206;name;25069
206;name;24857
206;name;31781
206;name;17570
206;name;30208
207;name;2364
207;name;5174
207;name;7039
207;name;8071
207;name;2517
207;name;3566
207;name;2279
207;name;3125
207;name;10000
207;name;1495
208;name;3093
208;name;8582
208;name;9712
208;name;2883
208;name;7022
208;name;2666
208;name;9588
208;name;5156
208;name;5270
208;name;2594
208;name;8805
209;name;7926
209;name;8832
209;name;7377
209;name;9905
209;name;3976
209;name;2823
209;name;3480
209;name;4414
209;name;6972
209;name;8490
210;name;30408
210;name;31850
210;name;13198
210;name;13353
210;name;8260
210;name;27862
210;name;5332
210;name;30384
210;name;12503
210;name;11575
210;name;18627
210;name;25697
210;name;23756
210;name;17117
210;name;12170
211;name;20521
211;name;12091
211;name;9300
211;name;31857
211;name;15949
211;name;7138
211;name;27557
211;name;24150
211;name;6936
212;name;3642
212;name;4194
212;name;596
212;name;8212
212;name;6217
212;name;9916
212;name;733
212;name;8865
212;name;3698
212;name;1718
212;name;3657
212;name;9689
212;name;7883
212;name;3417
212;name;8655
213;name;7904
213;name;1187
213;name;4428
213;name;9333
213;name;10146
213;name;9393
213;name;1997
213;name;4776
214;name;8468
214;name;9117
214;name;8147
214;name;11900
214;name;6917
214;name;9857
214;name;4121
214;name;6688
214;name;9943
214;name;920
215;name;4858
215;name;7063
215;name;7808
215;name;7190
215;name;9258
215;name;5170
215;name;8952
215;name;5738
215;name;6475
215;name;4049
215;name;946
215;name;1554
215;name;2581
216;name;11254
216;name;4041
216;name;5143
216;name;2040
216;name;5106
216;name;11063
216;name;7384
216;name;3393
216;name;8991
217;name;17884
217;name;30101
217;name;20891
217;name;6563
217;name;3744
217;name;13247
217;name;9282
217;name;25641
217;name;6744
217;name;20494
217;name;6246
217;name;18101
218;name;7009
218;name;2766
218;name;26373
218;name;21049
218;name;32333
218;name;27090
218;name;6756
218;name;1563
219;name;5936
219;name;8374
219;name;9112
219;name;1528
219;name;7099
219;name;4199
219;name;7392
219;name;1423
219;name;10789
219;name;12494
219;name;11126
219;name;2536
219;name;2625
219;name;9591
220;name;6107
220;name;8192
220;name;7097
220;name;9859
220;name;1902
220;name;9529
220;name;3860
220;name;595
220;name;1862
220;name;2030
220;name;844
220;name;6224
220;name;1771
220;name;2855
220;name;1032
220;name;3805
221;name;8770
221;name;967
221;name;6978
221;name;7469
221;name;7170
221;name;5315
221;name;3574
221;name;1812
221;name;5738
221;name;2147
221;name;4598
221;name;6632
222;name;3734
222;name;4980
222;name;3136
222;name;4046
222;name;1642
222;name;5778
222;name;6684
222;name;7361
222;name;5126
222;name;4943
223;name;19763
223;name;5807
223;name;32245
223;name;26700
223;name;14565
223;name;2798
223;name;6804
223;name;2269
224;name;1363
224;name;4110
224;name;3102
224;name;9897
224;name;7168
224;name;8599
224;name;5459
224;name;4540
224;name;3479
224;name;3643
225;name;6610
225;name;2128
225;name;1928
225;name;4799
225;name;982
225;name;4743
225;name;3610
225;name;2357
225;name;5797
225;name;8674
225;name;5092
225;name;2623
226;name;8671
226;name;11424
226;name;5296
226;name;4650
226;name;11713
226;name;1059
226;name;1089
226;name;3126
226;name;8883
226;name;10676
226;name;7123
226;name;11246
227;name;8194
227;name;9834
227;name;2428
227;name;6550
227;name;484
227;name;6183
227;name;2484
227;name;6530
227;name;4612
228;name;5241
228;name;9913
228;name;5208
228;name;4737
228;name;6610
228;name;3382
228;name;3544
228;name;10847
228;name;11833
228;name;5347
228;name;10171
229;name;7496
229;name;9136
229;name;3855
229;name;891
229;name;2262
229;name;3126
229;name;1034
229;name;2049
229;name;9138
229;name;8012
229;name;2590
229;name;4500
230;name;4464
230;name;8974
230;name;8258
230;name;1336
230;name;8069
230;name;8209
230;name;4366
231;name;2989
231;name;9548
231;name;855
231;name;9085
231;name;3409
231;name;1316
231;name;1051
231;name;7609
231;name;6647
231;name;997
231;name;5610
231;name;3251
231;name;7562
231;name;7661
231;name;7448
231;name;8798
231;name;4536
231;name;4720
232;name;24895
232;name;8353
232;name;25587
232;name;21824
232;name;22480
232;name;15090
232;name;10154
232;name;10372
232;name;18135
232;name;9166
232;name;17115
233;name;1544
233;name;2234
233;name;2021
233;name;12052
233;name;7406
233;name;3642
233;name;8274
233;name;1594
233;name;3828
233;name;5883
233;name;8509
233;name;6237
233;name;8959
233;name;3866
233;name;3406
233;name;2604
233;name;3691
233;name;10511
234;name;10422
234;name;16936
234;name;11781
234;name;12019
234;name;17915
234;name;19773
234;name;27783
234;name;16330
234;name;17838
234;name;17561
235;name;29749
235;name;8665
235;name;23770
235;name;13314
235;name;16226
235;name;20298
235;name;18539
235;name;28377
235;name;25191
235;name;27032
235;name;21346
235;name;23338
235;name;28590
235;name;14294
235;name;18024
236;name;1043
236;name;9838
236;name;416
236;name;8870
236;name;2616
236;name;7763
236;name;1494
236;name;830
236;name;9170
236;name;2474
236;name;4525
236;name;6916
237;name;12967
237;name;2627
237;name;1656
237;name;32472
237;name;13032
237;name;9652
237;name;15379
237;name;17410
237;name;12599
238;name;2113
238;name;6920
238;name;6764
238;name;4532
238;name;1217
238;name;5564
238;name;1053
238;name;1058
238;name;4486
239;name;23461
239;name;28236
239;name;25663
239;name;6390
239;name;13033
239;name;22570
239;name;14162
239;name;29255
239;name;9501
239;name;9521
239;name;26273
239;name;22167
239;name;25086
240;name;18907
240;name;9530
240;name;21746
240;name;4231
240;name;30677
240;name;2866
240;name;24852
241;name;7755
241;name;7727
241;name;2868
241;name;1850
241;name;7953
241;name;9153
241;name;6995
241;name;3368
241;name;2910
241;name;1674
241;name;5007
241;name;2271
242;name;24515
242;name;27721
242;name;28316
242;name;3646
242;name;23556
242;name;14175
242;name;8951
242;name;15324
242;name;28106
242;name;21851
243;name;8776
243;name;1267
243;name;3169
243;name;7794
243;name;7638
243;name;6208
243;name;8798
243;name;2610
243;name;656
243;name;9092
243;name;9697
243;name;9269
243;name;4330
243;name;3423
243;name;3942
244;name;7192
244;name;16662
244;name;6995
244;name;17707
244;name;14901
244;name;27530
244;name;13670
244;name;8923
244;name;26994
244;name;23440
244;name;11635
244;name;17615
244;name;27198
244;name;23761
245;name;25337
245;name;4833
245;name;15723
245;name;14895
245;name;7384
245;name;10071
245;name;26669
245;name;11641
245;name;28273
245;name;25808
245;name;2858
245;name;9860
245;name;5562
246;name;6743
246;name;4060
246;name;4100
246;name;8148
246;name;7778
246;name;6774
246;name;3916
246;name;7776
246;name;6622
246;name;5332
246;name;7968
246;name;2202
246;name;5691
246;name;9738
246;name;2834
246;name;7337
247;name;4173
247;name;5692
247;name;9350
247;name;4506
247;name;5530
247;name;9218
247;name;1385
248;name;5786
248;name;1242
248;name;4523
248;name;6732
248;name;6312
248;name;6861
248;name;7690
248;name;5318
248;name;8434
248;name;4609
248;name;7036
248;name;3553
248;name;8375
248;name;1641
249;name;7785
249;name;6000
249;name;7320
249;name;6808
249;name;9356
249;name;7072
249;name;5249
250;name;30997
250;name;10809
250;name;22544
250;name;9677
250;name;25168
250;name;30106
250;name;7614
250;name;11375
250;name;17982
251;name;28301
251;name;9232
251;name;14654
251;name;24681
251;name;12395
251;name;23221
251;name;5710
251;name;27738
251;name;31640
251;name;24577
251;name;4236
251;name;7424
251;name;17761
251;name;20137
251;name;9223
252;name;8746
252;name;2930
252;name;9515
252;name;5789
252;name;6126
252;name;3974
252;name;7315
252;name;7839
252;name;5231
252;name;4679
252;name;861
252;name;5462
253;name;2086
253;name;4020
253;name;11125
253;name;1354
253;name;29370
253;name;25278
254;name;19130
254;name;3617
254;name;6073
254;name;27270
254;name;3519
254;name;14045
254;name;9093
254;name;3094
254;name;19957
254;name;22194
254;name;5184
255;name;5058
255;name;2392
255;name;7427
255;name;4679
255;name;5966
255;name;5703
255;name;9968
255;name;3512
255;name;2576
255;name;2237
255;name;7182
256;name;20970
256;name;20995
256;name;13670
256;name;19741
256;name;14042
256;name;7773
256;name;23120
256;name;14664
256;name;15814
256;name;5310
256;name;1363
256;name;18788
256;name;5683
257;name;4388
257;name;820
257;name;9472
257;name;8246
257;name;5709
257;name;5660
257;name;3902
257;name;2173
257;name;9811
257;name;4067
257;name;6936
257;name;8935
258;name;31466
258;name;9686
258;name;15609
258;name;9022
258;name;30995
258;name;11605
258;name;27184
258;name;3646
258;name;16933
259;name;12152
259;name;25980
259;name;28551
259;name;31008
259;name;11573
259;name;8386
259;name;28106
259;name;13031
259;name;13318
259;name;1921
259;name;26712
259;name;14199
259;name;16266
259;name;1605
259;name;19385
259;name;18812
259;name;1872
260;name;18869
260;name;17751
260;name;29428
260;name;26347
260;name;28073
260;name;29053
260;name;12691
260;name;7364
260;name;4319
260;name;28753
260;name;6074
261;name;13477
261;name;6399
261;name;9506
261;name;9166
261;name;2373
261;name;7434
261;name;1788
261;name;10567
261;name;8997
262;name;1865
262;name;8407
262;name;9889
262;name;1232
262;name;7620
262;name;2708
262;name;567
262;name;3217
262;name;12347
262;name;4379
263;name;2741
263;name;9920
263;name;7143
263;name;2232
263;name;5588
263;name;6105
263;name;2242
263;name;3609
263;name;9396
263;name;8749
263;name;7992
263;name;1674
263;name;4335
263;name;8158
264;name;15067
264;name;30923
264;name;16244
264;name;27530
264;name;6435
264;name;6484
264;name;10159
264;name;27263
264;name;17625
264;name;21516
264;name;1952
264;name;10608
264;name;20848
264;name;12339
265;name;1271
265;name;7039
265;name;1374
265;name;3353
265;name;2694
265;name;1214
265;name;5044
265;name;2142
265;name;7007
265;name;10302
266;name;5701
266;name;3134
266;name;4968
266;name;3822
266;name;5604
266;name;8301
266;name;1776
266;name;6120
266;name;2747
266;name;6592
267;name;5876
267;name;2070
267;name;5567
267;name;2059
267;name;8848
267;name;4458
267;name;7427
267;name;5182
267;name;6262
267;name;1467
267;name;5903
268;name;10091
268;name;16266
268;name;21455
268;name;28200
268;name;25535
268;name;25222
268;name;15438
268;name;21582
268;name;9396
268;name;22737
268;name;9666
268;name;25405
269;name;7258
269;name;7730
269;name;5120
269;name;4550
269;name;1437
269;name;4868
269;name;9954
269;name;4160
269;name;5605
269;name;766
269;name;3702
270;name;5101
270;name;7946
270;name;7331
270;name;7897
270;name;3696
270;name;9207
270;name;9820
270;name;5442
270;name;4981
271;name;11544
271;name;3289
271;name;2619
271;name;7092
271;name;1975
271;name;1714
271;name;4727
271;name;1360
271;name;3903
271;name;5188
271;name;9108
271;name;4553
271;name;6824
271;name;4991
271;name;11830
272;name;4303
272;name;11372
272;name;18449
272;name;20636
272;name;31669
272;name;9389
272;name;29204
272;name;3351
273;name;5631
273;name;1407
273;name;560
273;name;1736
273;name;9393
273;name;3421
273;name;8457
273;name;8673
273;name;9828
273;name;2094
273;name;8365
273;name;9809
273;name;4174
273;name;7048
273;name;7974
273;name;6324
273;name;5103
274;name;9328
274;name;857
274;name;1596
274;name;2715
274;name;2406
274;name;8053
274;name;3493
274;name;564
274;name;3622
275;name;9842
275;name;529
275;name;6774
275;name;1359
275;name;3020
275;name;1867
275;name;4950
275;name;4279
276;name;8438
276;name;2649
276;name;8676
276;name;4836
276;name;3259
276;name;3355
276;name;1748
276;name;6873
276;name;4058
276;name;8777
276;name;5913
276;name;5072
276;name;6466
276;name;7568
276;name;6794
276;name;2026
277;name;1904
277;name;10985
277;name;10610
277;name;13715
277;name;19055
277;name;16406
277;name;11397
277;name;17130
278;name;1775
278;name;6037
278;name;10959
278;name;7984
278;name;9713
278;name;11902
278;name;9788
278;name;6633
278;name;2774
279;name;22612
279;name;31704
279;name;2735
279;name;8275
279;name;14359
279;name;20907
279;name;20156
280;name;30076
280;name;29322
280;name;10634
280;name;31358
280;name;18691
280;name;8569
280;name;30930
280;name;29996
280;name;26466
280;name;22436
280;name;18405
280;name;7658
281;name;9060
281;name;727
281;name;6113
281;name;2206
281;name;3033
281;name;9838
281;name;4803
282;name;26367
282;name;3669
282;name;4810
282;name;22739
282;name;1998
282;name;3302
282;name;26630
282;name;30784
282;name;31759
282;name;6767
282;name;31577
282;name;12165
282;name;3523
282;name;26291
282;name;25430
283;name;4509
283;name;5700
283;name;8735
283;name;9589
283;name;10624
283;name;10194
283;name;5501
283;name;12450
283;name;1534
283;name;6105
283;name;8212
283;name;4826
283;name;4261
283;name;11964
283;name;5768
283;name;11043
284;name;20826
284;name;6671
284;name;22376
284;name;31924
284;name;23472
284;name;9399
284;name;15362
284;name;20250
284;name;5337
284;name;14917
284;name;24679
284;name;7673
284;name;12135
285;name;3056
285;name;28225
285;name;21504
285;name;16370
285;name;19024
285;name;18756
285;name;20259
285;name;22796
286;name;8429
286;name;32321
286;name;14549
286;name;25286
286;name;9787
286;name;29250
286;name;5534
286;name;18912
287;name;26293
287;name;20181
287;name;11980
287;name;3246
287;name;9448
287;name;14883
288;name;14755
288;name;12985
288;name;29008
288;name;21481
288;name;18872
288;name;27240
288;name;6695
288;name;23384
288;name;1830
288;name;7125
288;name;32386
288;name;31989
288;name;12175
288;name;11082
288;name;26998
289;name;1823
289;name;11586
289;name;5435
289;name;8961
289;name;11915
289;name;978
289;name;2612
289;name;7944
289;name;7201
289;name;9703
289;name;7601
289;name;10607
290;name;3506
290;name;3149
290;name;2430
290;name;8214
290;name;7900
290;name;4428
290;name;2636
290;name;3083
290;name;5471
290;name;9665
290;name;1015
291;name;5229
291;name;5692
291;name;2553
291;name;8660
291;name;8898
291;name;8321
291;name;3151
291;name;7713
291;name;1939
291;name;3336
291;name;7016
292;name;17156
292;name;28962
292;name;15033
292;name;21812
292;name;20293
292;name;4334
292;name;21019
292;name;3594
292;name;13110
293;name;8634
293;name;9592
293;name;7546
293;name;8397
293;name;7444
293;name;5759
293;name;8943
293;name;8186
293;name;1671
293;name;1997
293;name;2944
294;name;6271
294;name;10495
294;name;6803
294;name;10140
294;name;3844
294;name;12422
294;name;9666
295;name;4074
295;name;9499
295;name;3938
295;name;8186
295;name;8665
295;name;2626
295;name;8345
296;name;5140
296;name;6435
296;name;1130
296;name;6063
296;name;1490
296;name;3232
296;name;1981
296;name;6314
296;name;7674
296;name;6636
297;name;9020
297;name;2421
297;name;4429
297;name;5273
297;name;2807
297;name;4556
297;name;4655
297;name;8405
297;name;3260
297;name;8553
297;name;2538
297;name;3943
297;name;1524
298;name;9766
298;name;8120
298;name;8188
298;name;7663
298;name;9622
298;name;7441
298;name;996
299;name;15697
299;name;1474
299;name;10324
299;name;31625
299;name;19396
299;name;6289
299;name;18986
299;name;3638
299;name;5856
299;name;12755
299;name;15121
300;name;2220
300;name;8981
300;name;8660
300;name;2788
300;name;2360
300;name;2380
300;name;9256
300;name;7753
300;name;1705
300;name;7530
301;name;8259
301;name;3541
301;name;7162
301;name;9351
301;name;4662
301;name;4052
301;name;7448
301;name;3800
301;name;5048
301;name;4660
301;name;8887
301;name;9455
301;name;1506
301;name;2993
302;name;1172
302;name;7742
302;name;1925
302;name;6146
302;name;1718
302;name;678
302;name;6467
302;name;8384
302;name;2660
302;name;9112
302;name;2327
302;name;1189
302;name;5186
302;name;1708
302;name;6152
303;name;7775
303;name;2202
303;name;8327
303;name;2482
303;name;8380
303;name;6262
303;name;7625
303;name;9268
303;name;8273
303;name;6741
303;name;8932
303;name;1458
304;name;3629
304;name;11802
304;name;4401
304;name;8957
304;name;1029
304;name;4321
304;name;5849
304;name;815
304;name;6761
304;name;1221
304;name;11982
305;name;926
305;name;3587
305;name;3379
305;name;5031
305;name;8857
305;name;1225
305;name;4021
305;name;5734
305;name;6309
306;name;9046
306;name;18028
306;name;22146
306;name;8307
306;name;10145
306;name;20443
306;name;13416
306;name;15384
306;name;5111
306;name;20424
306;name;2169
306;name;8145
306;name;9020
306;name;29993
307;name;9638
307;name;9385
307;name;4457
307;name;4979
307;name;1268
307;name;9417
307;name;966
307;name;3570
308;name;28028
308;name;26400
308;name;26328
308;name;19247
308;name;8457
308;name;29659
308;name;21334
308;name;9042
308;name;20839
308;name;24382
308;name;2238
309;name;7900
309;name;10595
309;name;12846
309;name;5431
309;name;22144
309;name;19952
309;name;20087
310;name;10132
310;name;1824
310;name;9679
310;name;12097
310;name;6050
310;name;1597
310;name;10170
310;name;9077
310;name;1202
310;name;6344
310;name;1996
310;name;547
310;name;9432
310;name;7221
310;name;4858
310;name;1739
311;name;10348
311;name;30951
311;name;11139
311;name;15174
311;name;12070
311;name;6548
311;name;9046
311;name;20835
311;name;9170
312;name;997
312;name;8946
312;name;1194
312;name;4396
312;name;2096
312;name;3020
312;name;2321
312;name;4754
312;name;9855
312;name;1973
312;name;9208
312;name;9360
313;name;2187
313;name;8118
313;name;8178
313;name;3463
313;name;9516
313;name;5123
313;name;9843
313;name;1270
313;name;9252
313;name;8619
313;name;7417
313;name;9091
313;name;3870
313;name;3537
314;name;6542
314;name;3007
314;name;10962
314;name;12371
314;name;5519
314;name;7847
314;name;11727
314;name;5562
314;name;6093
314;name;11935
314;name;4170
314;name;2541
314;name;4392
315;name;18125
315;name;24796
315;name;15120
315;name;12502
315;name;17006
315;name;12681
315;name;4992
315;name;11702
315;name;30092
315;name;23062
315;name;26755
315;name;31699
315;name;14563
315;name;29351
316;name;1868
316;name;24858
316;name;17553
316;name;16794
316;name;13637
316;name;8175
316;name;26980
317;name;3715
317;name;8398
317;name;8278
317;name;9672
317;name;4165
317;name;7725
317;name;7461
317;name;9233
317;name;3762
317;name;6390
317;name;4008
317;name;6899
317;name;6644
318;name;9056
318;name;1935
318;name;990
318;name;696
318;name;4020
318;name;5945
318;name;4115
318;name;5593
318;name;1994
318;name;9620
318;name;2760
318;name;2969
318;name;9382
318;name;5598
319;name;28531
319;name;8964
319;name;9345
319;name;5229
319;name;25984
319;name;25135
319;name;6162
319;name;29121
319;name;15674
319;name;5311
320;name;11524
320;name;605
320;name;6762
320;name;1616
320;name;7587
320;name;5621
320;name;849
320;name;1636
320;name;9516
320;name;859
321;name;20247
321;name;27463
321;name;15860
321;name;32315
321;name;13735
321;name;8247
321;name;21247
321;name;8606
321;name;20840
321;name;16009
321;name;28860
321;name;27540
321;name;28289
321;name;27056
322;name;17845
322;name;26170
322;name;16792
322;name;29998
322;name;28158
322;name;7397
322;name;3286
323;name;9335
323;name;30104
323;name;26309
323;name;28718
323;name;7174
323;name;25129
323;name;3859
324;name;6945
324;name;9874
324;name;2431
324;name;1700
324;name;9008
324;name;11924
324;name;10405
324;name;4003
325;name;9971
325;name;6302
325;name;9452
325;name;4179
325;name;6720
325;name;7150
325;name;1624
325;name;4396
325;name;9733
325;name;940
326;name;4942
326;name;2099
326;name;6600
326;name;9610
326;name;7090
326;name;8509
326;name;7916
326;name;5111
326;name;6250
327;name;28180
327;name;26696
327;name;11570
327;name;32203
327;name;2005
327;name;21899
327;name;1675
327;name;13995
327;name;6043
327;name;12343
327;name;5454
327;name;30919
328;name;1444
328;name;21322
328;name;8364
328;name;21463
328;name;14818
328;name;10380
328;name;15905
328;name;3884
328;name;12468
328;name;32393
328;name;13852
328;name;14886
329;name;4886
329;name;3622
329;name;8702
329;name;5007
329;name;8564
329;name;5967
329;name;2547
329;name;1716
329;name;861
329;name;8924
329;name;5015
329;name;3455
330;name;4934
330;name;2965
330;name;7586
330;name;6390
330;name;7262
330;name;9176
330;name;2310
330;name;7977
330;name;3529
330;name;9794
330;name;5134
330;name;3577
330;name;9105
331;name;3938
331;name;6484
331;name;2659
331;name;9662
331;name;3287
331;name;6498
331;name;3097
331;name;700
332;name;28995
332;name;24601
332;name;27991
332;name;4130
332;name;30382
332;name;4135
332;name;26724
332;name;12361
332;name;18571
333;name;17101
333;name;22574
333;name;16205
333;name;13741
333;name;14497
333;name;30017
333;name;19806
333;name;1537
333;name;13027
333;name;1627
333;name;13256
333;name;6763
333;name;14801
334;name;4920
334;name;5363
334;name;3538
334;name;2096
334;name;8156
334;name;8875
334;name;9428
334;name;9758
334;name;5550
334;name;9674
334;name;5396
335;name;5551
335;name;2835
335;name;21021
335;name;24870
335;name;4615
335;name;30751
335;name;2259
335;name;26464
335;name;26482
335;name;22737
335;name;23628
335;name;19149
335;name;24193
336;name;8696
336;name;7305
336;name;1780
336;name;5138
336;name;4840
336;name;4933
336;name;4680
336;name;1154
336;name;2924
336;name;8827
336;name;9426
336;name;8540
336;name;6078
336;name;8295
336;name;4858
336;name;8990
337;name;9926
337;name;9973
337;name;8620
337;name;4848
337;name;5346
337;name;12013
337;name;5532
337;name;8275
337;name;10731
337;name;1571
337;name;7468
337;name;6914
338;name;3715
338;name;403
338;name;916
338;name;5054
338;name;5137
338;name;9720
338;name;989
338;name;9698
338;name;2528
338;name;3904
338;name;2679
338;name;5882
338;name;456
338;name;4244
338;name;7960
338;name;2184
339;name;9484
339;name;1289
339;name;3025
339;name;10001
339;name;5270
339;name;4406
340;name;5320
340;name;1244
340;name;4905
340;name;1383
340;name;4693
340;name;2922
340;name;840
340;name;8522
340;name;6280
340;name;1497
340;name;5312
341;name;4838
341;name;4014
341;name;8751
341;name;2016
341;name;5346
341;name;8837
341;name;4532
341;name;5863
341;name;6749
341;name;6103
341;name;2615
341;name;1169
341;name;1030
341;name;5386
341;name;3015
342;name;6622
342;name;2336
342;name;28996
342;name;12048
342;name;11880
342;name;31122
342;name;26564
342;name;23470
342;name;23827
342;name;32093
342;name;12032
342;name;22942
342;name;19945
342;name;26614
342;name;32232
343;name;17592
343;name;27153
343;name;13538
343;name;23036
343;name;14099
343;name;15637
343;name;18595
343;name;11479
343;name;6795
343;name;6823
343;name;12850
343;name;25763
343;name;7140
344;name;27449
344;name;13670
344;name;11440
344;name;18857
344;name;26958
344;name;5931
344;name;22006
344;name;20280
344;name;10101
345;name;4697
345;name;6488
345;name;2906
345;name;8580
345;name;9664
345;name;3172
345;name;9043
345;name;7717
345;name;7451
345;name;2046
345;name;5749
345;name;7928
345;name;3971
346;name;4826
346;name;2152
346;name;7472
346;name;2072
346;name;4671
346;name;2381
346;name;9045
346;name;9818
346;name;9213
346;name;7763
346;name;5992
346;name;1409
346;name;6801
347;name;31131
347;name;1677
347;name;24746
347;name;7101
347;name;32185
347;name;5352
347;name;17162
347;name;4557
347;name;4989
347;name;21920
347;name;9804
347;name;21671
347;name;4322
348;name;7241
348;name;4854
348;name;9868
348;name;9927
348;name;3667
348;name;9954
348;name;2960
348;name;441
348;name;4104
348;name;3666
348;name;7815
348;name;8736
348;name;2088
349;name;13100
349;name;24085
349;name;21557
349;name;8002
349;name;3402
349;name;20824
349;name;28288
349;name;19372
349;name;14332
349;name;11303
349;name;27950
350;name;4778
350;name;17261
350;name;5970
350;name;21126
350;name;27001
350;name;5413
350;name;1964
350;name;31864
350;name;24057
350;name;15792
350;name;19324
351;name;4986
351;name;21057
351;name;4167
351;name;21811
351;name;23671
351;name;5174
351;name;18982
351;name;11949
351;name;20147
351;name;4504
351;name;15685
351;name;16846
351;name;17375
351;name;17283
351;name;19594
351;name;20699
351;name;7750
351;name;15722
351;name;26534
351;name;29169
351;name;11637
352;name;16828
352;name;24008
352;name;17822
352;name;7246
352;name;23428
352;name;20480
352;name;20720
352;name;20110
353;name;7588
353;name;8504
353;name;3645
353;name;4607
353;name;2311
353;name;10325
353;name;5637
354;name;22490
354;name;20685
354;name;12148
354;name;12665
354;name;28905
354;name;15814
354;name;13221
354;name;13347
354;name;7181
354;name;29716
354;name;28197
354;name;8166
354;name;21897
355;name;9671
355;name;8749
355;name;494
355;name;8180
355;name;2521
355;name;2293
355;name;5028
355;name;470
355;name;4286
355;name;8992
355;name;5548
355;name;2848
355;name;5789
356;name;4503
356;name;6466
356;name;6827
356;name;7352
356;name;10772
356;name;11922
356;name;9185
356;name;8291
356;name;7353
356;name;8395
356;name;5054
356;name;571
356;name;6420
356;name;7538
356;name;5901
356;name;1094
357;name;21361
357;name;23519
357;name;1608
357;name;13517
357;name;5007
357;name;32353
357;name;22703
357;name;24934
357;name;4889
357;name;22885
357;name;10267
357;name;25608
357;name;28180
358;name;1625
358;name;8026
358;name;7244
358;name;1448
358;name;1870
358;name;2462
358;name;8304
358;name;8749
358;name;6002
359;name;4298
359;name;2419
359;name;6145
359;name;9692
359;name;6563
359;name;11950
359;name;9088
359;name;4299
359;name;5882
359;name;11317
359;name;3272
359;name;10563
359;name;8563
359;name;8551
359;name;7280
360;name;6595
360;name;1341
360;name;951
360;name;11382
360;name;1155
360;name;7066
360;name;9016
361;name;23737
361;name;24358
361;name;10386
361;name;15188
361;name;17509
361;name;12121
361;name;21100
361;name;19810
361;name;23717
361;name;6126
361;name;20976
361;name;5280
361;name;13520
361;name;14187
361;name;20502
362;name;5077
362;name;4315
362;name;5349
362;name;5884
362;name;4228
362;name;530
362;name;897
362;name;1986
362;name;1477
362;name;5289
363;name;6776
363;name;11170
363;name;2934
363;name;28527
363;name;26295
363;name;14749
363;name;27362
363;name;2516
363;name;3624
363;name;13925
363;name;21122
363;name;16935
364;name;11861
364;name;625
364;name;8345
364;name;9733
364;name;567
364;name;6593
364;name;2555
364;name;6949
364;name;4105
364;name;6738
364;name;10240
364;name;5658
364;name;3258
364;name;10423
364;name;8290
365;name;1043
365;name;5199
365;name;5599
365;name;3209
365;name;5056
365;name;11505
365;name;881
365;name;5135
365;name;12464
365;name;3353
365;name;11985
366;name;5916
366;name;3702
366;name;5909
366;name;6397
366;name;4852
366;name;982
366;name;4916
366;name;431
366;name;620
366;name;4354
366;name;6110
367;name;6402
367;name;3174
367;name;7922
367;name;6967
367;name;4915
367;name;780
367;name;7585
367;name;2483
368;name;6519
368;name;10864
368;name;9866
368;name;6691
368;name;9874
368;name;7204
368;name;4197
368;name;3848
368;name;8571
368;name;12392
368;name;5376
368;name;10306
368;name;8824
369;name;28775
369;name;15363
369;name;29781
369;name;21145
369;name;10580
369;name;2771
369;name;9097
369;name;3029
369;name;6429
369;name;7612
370;name;9778
370;name;7056
370;name;9382
370;name;5690
370;name;4166
370;name;4935
370;name;7675
370;name;5315
370;name;6552
370;name;4902
371;name;1059
371;name;9551
371;name;11566
371;name;6458
371;name;6970
371;name;4359
371;name;3919
371;name;3142
371;name;10318
371;name;5467
371;name;1140
371;name;8052
372;name;1717
372;name;9132
372;name;2498
372;name;6476
372;name;3881
372;name;9681
372;name;2540
372;name;9733
372;name;8204
372;name;534
372;name;1972
372;name;5064
372;name;2233
372;name;6994
372;name;9221
373;name;9960
373;name;16018
373;name;1318
373;name;24555
373;name;2441
373;name;10120
373;name;7328
373;name;29740
374;name;668
374;name;6991
374;name;3692
374;name;5935
374;name;2495
374;name;432
374;name;7358
374;name;2472
374;name;8538
374;name;2454
375;name;10667
375;name;27909
375;name;11381
375;name;12494
375;name;18188
375;name;4421
375;name;30279
375;name;3957
375;name;3738
375;name;8026
375;name;24524
375;name;16656
375;name;16565
376;name;9702
376;name;9445
376;name;8114
376;name;4806
376;name;9755
376;name;1452
376;name;7462
376;name;2232
376;name;802
376;name;5374
376;name;6672
376;name;1193
376;name;457
377;name;1507
377;name;3176
377;name;8700
377;name;1873
377;name;5507
377;name;7899
377;name;9957
377;name;5922
377;name;2652
377;name;912
377;name;6866
377;name;472
377;name;5056
378;name;3908
378;name;7601
378;name;8174
378;name;9253
378;name;1396
378;name;9822
378;name;9534
378;name;5012
378;name;4399
378;name;9926
378;name;8872
378;name;2600
378;name;8693
378;name;9733
379;name;11341
379;name;11975
379;name;9246
379;name;9376
379;name;5847
379;name;9918
379;name;4569
380;name;13228
380;name;18489
380;name;17044
380;name;7027
380;name;18925
380;name;1816
380;name;25212
380;name;4306
380;name;18744
380;name;25303
380;name;7057
380;name;24430
380;name;30269
380;name;15159
381;name;15698
381;name;21803
381;name;14784
381;name;15362
381;name;3178
381;name;2198
381;name;4505
382;name;5896
382;name;3769
382;name;3153
382;name;6198
382;name;3374
382;name;9384
382;name;9248
382;name;4989
382;name;6900
382;name;10883
383;name;7736
383;name;2554
383;name;2190
383;name;1532
383;name;7039
383;name;4285
383;name;6824
383;name;4682
383;name;1165
383;name;3238
383;name;6440
383;name;8302
384;name;3153
384;name;1412
384;name;1571
384;name;5391
384;name;3238
384;name;9730
384;name;6026
384;name;4125
385;name;10115
385;name;11784
385;name;9819
385;name;608
385;name;5086
385;name;2689
385;name;3368
385;name;11346
385;name;11662
386;name;19943
386;name;23515
386;name;17189
386;name;18626
386;name;21037
386;name;12840
386;name;30408
386;name;11414
386;name;19407
386;name;14751
387;name;7228
387;name;11827
387;name;9164
387;name;3292
387;name;7018
387;name;5585
387;name;7012
387;name;9684
387;name;12426
387;name;10745
387;name;8354
387;name;5648
387;name;9441
388;name;31224
388;name;30273
388;name;7160
388;name;29019
388;name;25675
388;name;9435
388;name;20294
388;name;3299
389;name;3171
389;name;8393
389;name;9157
389;name;1205
389;name;12330
389;name;7487
389;name;9112
389;name;6128
389;name;8736
389;name;8150
389;name;12487
390;name;21248
390;name;18677
390;name;2193
390;name;10487
390;name;13080
390;name;3935
390;name;25078
390;name;19888
390;name;2255
391;name;5701
391;name;11722
391;name;6711
391;name;742
391;name;5903
391;name;668
391;name;3971
391;name;880
391;name;9026
391;name;1788
391;name;2836
391;name;896
391;name;8166
391;name;1027
391;name;6306
391;name;4543
392;name;26513
392;name;17565
392;name;24391
392;name;26777
392;name;11627
392;name;27175
392;name;31181
392;name;7840
392;name;3738
392;name;9548
392;name;23787
392;name;25829
393;name;17358
393;name;2018
393;name;2689
393;name;22083
393;name;31678
393;name;15112
393;name;18232
393;name;12845
393;name;31942
394;name;10925
394;name;7385
394;name;6245
394;name;18213
394;name;2371
394;name;27942
394;name;19745
394;name;17309
395;name;30023
395;name;14060
395;name;28141
395;name;6294
395;name;25022
395;name;17275
395;name;7692
395;name;31188
395;name;19964
395;name;16751
395;name;10030
395;name;12928
396;name;7925
396;name;6010
396;name;21251
396;name;11090
396;name;24377
396;name;21158
396;name;21039
396;name;23354
396;name;2298
396;name;15041
396;name;12047
396;name;4954
396;name;17567
396;name;19455
397;name;8420
397;name;1472
397;name;30933
397;name;25905
397;name;1511
397;name;22590
397;name;32373
397;name;3370
397;name;6624
397;name;14085
397;name;16250
397;name;26915
397;name;24068
398;name;3054
398;name;10681
398;name;6967
398;name;5068
398;name;3785
398;name;4870
398;name;8427
398;name;5041
398;name;5376
398;name;4958
398;name;4623
398;name;8178
398;name;8013
398;name;8721
398;name;8704
398;name;10515
399;name;27696
399;name;16758
399;name;25092
399;name;30054
399;name;6671
399;name;14466
399;name;2649
399;name;2048
399;name;18021
399;name;5948
399;name;10019
399;name;9036
399;name;14534
399;name;7781
399;name;23982
400;name;3470
400;name;7655
400;name;5936
400;name;8935
400;name;7456
400;name;5285
400;name;9875
400;name;3626
400;name;9085
400;name;5467
401;name;15626
401;name;8456
401;name;8972
401;name;13754
401;name;15395
401;name;21258
401;name;18297
401;name;24207
401;name;26761
401;name;9844
402;name;5855
402;name;4768
402;name;4454
402;name;7428
402;name;2978
402;name;4914
402;name;9929
402;name;6695
403;name;11109
403;name;8202
403;name;8703
403;name;4522
403;name;5731
403;name;10891
403;name;7957
403;name;10674
403;name;4249
403;name;9735
404;name;1491
404;name;3453
404;name;1334
404;name;7424
404;name;6344
404;name;5302
404;name;948
404;name;5620
405;name;10873
405;name;25707
405;name;27015
405;name;27548
405;name;13274
405;name;7407
405;name;19450
405;name;5275
405;name;2726
405;name;1774
406;name;5898
406;name;4252
406;name;9346
406;name;2060
406;name;2947
406;name;1022
406;name;9918
406;name;460
406;name;7708
407;name;5024
407;name;2679
407;name;3024
407;name;5450
407;name;6148
407;name;3460
407;name;3551
407;name;3460
407;name;7799
407;name;1884
407;name;8634
407;name;1582
407;name;2954
407;name;8813
408;name;25014
408;name;21383
408;name;7829
408;name;16643
408;name;25447
408;name;5833
408;name;16224
408;name;29123
408;name;3087
408;name;9726
408;name;20387
408;name;8772
408;name;3643
409;name;12563
409;name;30218
409;name;8426
409;name;27813
409;name;14687
409;name;15679
409;name;14479
410;name;14240
410;name;28340
410;name;30175
410;name;21399
410;name;15550
410;name;23323
410;name;12931
410;name;26712
410;name;21173
410;name;23944
410;name;10328
411;name;7059
411;name;1970
411;name;8423
411;name;6804
411;name;2510
411;name;1904
411;name;5252
411;name;1395
411;name;9840
412;name;10158
412;name;7220
412;name;16924
412;name;28050
412;name;25768
412;name;6497
412;name;8950
412;name;9932
413;name;9964
413;name;7412
413;name;7831
413;name;4449
413;name;4497
413;name;2259
413;name;9016
413;name;5575
413;name;8539
414;name;15354
414;name;31335
414;name;11459
414;name;28713
414;name;20889
414;name;20424
414;name;27030
414;name;8223
415;name;5727
415;name;4490
415;name;9108
415;name;6106
415;name;11414
415;name;4190
415;name;9063
415;name;6324
415;name;5955
415;name;10531
415;name;9492
416;name;6922
416;name;6552
416;name;4928
416;name;12270
416;name;8846
416;name;7166
416;name;10502
416;name;8864
416;name;8483
416;name;3294
417;name;9757
417;name;8328
417;name;3574
417;name;8123
417;name;6970
417;name;5984
417;name;6554
417;name;2611
417;name;3214
417;name;3907
417;name;1937
417;name;1622
418;name;3565
418;name;8326
418;name;8222
418;name;8100
418;name;9886
418;name;1908
418;name;8988
418;name;8434
418;name;3486
418;name;5962
418;name;2219
418;name;2831
418;name;1736
418;name;11891
418;name;4664
418;name;1673
418;name;789
419;name;23917
419;name;14779
419;name;21603
419;name;30228
419;name;12199
419;name;2505
419;name;8122
419;name;12513
419;name;3516
419;name;32281
419;name;12032
419;name;7205
420;name;17919
420;name;8001
420;name;10844
420;name;17654
420;name;28650
420;name;29720
420;name;30994
420;name;12855
420;name;13208
420;name;27816
420;name;4695
421;name;25108
421;name;13751
421;name;23140
421;name;7998
421;name;10934
421;name;14998
421;name;16760
421;name;29173
421;name;27398
421;name;19609
422;name;5896
422;name;5400
422;name;11512
422;name;12389
422;name;21347
422;name;29549
422;name;8833
422;name;27210
422;name;32353
422;name;21795
423;name;17678
423;name;16775
423;name;13131
423;name;10321
423;name;24401
423;name;15760
423;name;14478
423;name;5164
423;name;1069
424;name;614
424;name;3090
424;name;6825
424;name;3853
424;name;6422
424;name;8373
424;name;3750
424;name;3339
424;name;6959
424;name;7430
424;name;2121
424;name;7463
424;name;3940
424;name;3243
424;name;5476
424;name;9981
424;name;9738
425;name;9478
425;name;2072
425;name;1959
425;name;5671
425;name;7869
425;name;5697
425;name;12495
425;name;5142
425;name;1070
425;name;1411
426;name;16209
426;name;26258
426;name;20428
426;name;14032
426;name;20850
426;name;28386
426;name;25784
426;name;24377
426;name;26622
426;name;24141
427;name;7662
427;name;9665
427;name;4858
427;name;6800
427;name;8454
427;name;11496
427;name;11266
427;name;8177
427;name;1697
427;name;4709
427;name;8987
427;name;3798
427;name;10311
428;name;30117
428;name;1731
428;name;23840
428;name;3612
428;name;3187
428;name;5059
428;name;22165
428;name;15817
428;name;19969
429;name;3509
429;name;1389
429;name;2616
429;name;3730
429;name;2042
429;name;9305
429;name;3750
429;name;5244
429;name;9044
429;name;7298
429;name;767
429;name;4234
429;name;2811
429;name;5960
429;name;9958
430;name;19623
430;name;7121
430;name;14038
430;name;13881
430;name;14337
430;name;24143
430;name;22955
430;name;11216
430;name;32116
431;name;24733
431;name;29160
431;name;22977
431;name;22659
431;name;30522
431;name;15190
431;name;26690
431;name;28962
431;name;25626
431;name;29112
431;name;19220
431;name;18298
431;name;11245
432;name;1040
432;name;1010
432;name;3310
432;name;9536
432;name;3918
432;name;8211
432;name;1460
432;name;8701
433;name;25689
433;name;17747
433;name;15048
433;name;7571
433;name;21557
433;name;14194
433;name;29731
433;name;7199
433;name;18105
433;name;26518
433;name;17534
433;name;3573
434;name;12647
434;name;23868
434;name;20673
434;name;3781
434;name;31580
434;name;27886
434;name;29187
434;name;25086
434;name;21344
435;name;7886
435;name;9802
435;name;2968
435;name;2011
435;name;2920
435;name;9916
435;name;6116
435;name;4547
435;name;9518
435;name;8966
435;name;1358
435;name;5580
436;name;15077
436;name;31584
436;name;29253
436;name;13674
436;name;7010
436;name;29047
436;name;26767
436;name;3471
436;name;26946
436;name;7200
436;name;4960
436;name;18574
436;name;5627
436;name;27627
437;name;8304
437;name;4377
437;name;9669
437;name;5174
437;name;1053
437;name;7679
437;name;11616
438;name;16775
438;name;11373
438;name;4257
438;name;10719
438;name;18892
438;name;4442
438;name;27839
438;name;26478
438;name;12743
438;name;23563
438;name;25080
438;name;3244
438;name;5609
439;name;6758
439;name;11027
439;name;5786
439;name;3791
439;name;3169
439;name;2336
439;name;9022
439;name;5453
439;name;2224
439;name;5666
439;name;1099
439;name;6270
439;name;5646
439;name;4953
439;name;6015
440;name;12376
440;name;24256
440;name;14714
440;name;18346
440;name;21845
440;name;13219
441;name;2650
441;name;7559
441;name;1347
441;name;9049
441;name;12333
441;name;2556
441;name;4696
441;name;2173
441;name;1217
441;name;9269
441;name;1147
441;name;2754
441;name;11218
442;name;7371
442;name;26362
442;name;15493
442;name;15795
442;name;22274
442;name;23059
442;name;6011
442;name;25599
442;name;3641
442;name;31935
442;name;3260
442;name;19266
442;name;3945
443;name;2671
443;name;3687
443;name;12234
443;name;6927
443;name;4946
443;name;2718
443;name;5479
443;name;9537
443;name;4177
444;name;1375
444;name;9185
444;name;4232
444;name;5314
444;name;2916
444;name;3502
444;name;3288
444;name;5780
444;name;1068
444;name;9078
444;name;5610
444;name;8613
445;name;14797
445;name;22761
445;name;4050
445;name;20151
445;name;28055
445;name;4057
445;name;3781
445;name;17070
445;name;18437
446;name;32137
446;name;22376
446;name;24290
446;name;5491
446;name;10176
446;name;1324
446;name;2605
446;name;32133
446;name;14023
446;name;17782
446;name;9772
446;name;32175
446;name;15445
447;name;17542
447;name;8795
447;name;5512
447;name;4596
447;name;13847
447;name;22894
447;name;31938
447;name;8968
447;name;14675
447;name;27839
447;name;20394
447;name;21184
448;name;3233
448;name;3058
448;name;22286
448;name;17878
448;name;18024
448;name;19456
448;name;16226
448;name;15001
448;name;5699
448;name;16408
449;name;29954
449;name;9350
449;name;19354
449;name;12314
449;name;32240
449;name;16576
449;name;31248
449;name;26245
449;name;6613
450;name;1308
450;name;2765
450;name;9673
450;name;3192
450;name;1183
450;name;1766
450;name;2637
450;name;9383
450;name;8502
450;name;6840
450;name;3372
450;name;4645
451;name;6288
451;name;10049
451;name;7653
451;name;21577
451;name;25593
451;name;6591
451;name;3008
451;name;18118
451;name;5002
451;name;9484
452;name;872
452;name;9294
452;name;7305
452;name;9540
452;name;975
452;name;9355
452;name;8600
452;name;8605
452;name;4142
452;name;8571
452;name;5543
453;name;12776
453;name;1424
453;name;18245
453;name;5216
453;name;31492
453;name;12606
453;name;11246
453;name;28616
453;name;11451
453;name;26403
453;name;4069
454;name;2306
454;name;10965
454;name;2916
454;name;8471
454;name;12439
454;name;1539
454;name;6352
454;name;6430
454;name;8204
454;name;3449
455;name;1826
455;name;9870
455;name;3594
455;name;3370
455;name;4928
455;name;6032
455;name;3903
455;name;7815
456;name;5870
456;name;23535
456;name;24997
456;name;31015
456;name;18124
456;name;10960
456;name;27115
456;name;6799
456;name;9258
456;name;4694
456;name;27814
457;name;3854
457;name;8146
457;name;10415
457;name;2951
457;name;11775
457;name;4821
457;name;3334
457;name;3066
457;name;1094
457;name;9573
457;name;3408
457;name;4516
457;name;11971
458;name;22011
458;name;30884
458;name;30511
458;name;7698
458;name;25127
458;name;15970
458;name;12264
458;name;20464
459;name;9196
459;name;8068
459;name;10819
459;name;3766
459;name;1219
459;name;3923
459;name;8407
459;name;9411
459;name;4348
460;name;5695
460;name;3988
460;name;22709
460;name;26071
460;name;31787
460;name;19908
460;name;4189
460;name;24748
461;name;2713
461;name;3126
461;name;2608
461;name;9446
461;name;5195
461;name;1334
461;name;7950
461;name;5553
461;name;9130
461;name;5999
461;name;8724
462;name;7586
462;name;2481
462;name;12183
462;name;4437
462;name;4195
462;name;3816
462;name;7890
462;name;2168
463;name;4752
463;name;10250
463;name;1206
463;name;7103
463;name;5271
463;name;9596
463;name;5368
463;name;9129
463;name;9102
463;name;9079
463;name;4249
463;name;4665
464;name;9110
464;name;4102
464;name;8806
464;name;9769
464;name;2608
464;name;5718
464;name;1446
464;name;2961
465;name;4620
465;name;29286
465;name;22421
465;name;7251
465;name;8742
465;name;8288
465;name;6188
465;name;30916
465;name;20945
465;name;3237
465;name;28176
466;name;2219
466;name;5570
466;name;7076
466;name;9694
466;name;2047
466;name;3433
466;name;9267
466;name;2073
466;name;7256
466;name;9917
466;name;735
467;name;18714
467;name;15241
467;name;8114
467;name;14596
467;name;11143
467;name;7823
467;name;20294
467;name;16617
468;name;12976
468;name;18748
468;name;26068
468;name;21494
468;name;28317
468;name;3326
468;name;29799
468;name;7248
468;name;29507
469;name;1044
469;name;7044
469;name;9603
469;name;7648
469;name;8144
469;name;3225
469;name;9069
469;name;8854
469;name;9374
469;name;6699
469;name;8760
469;name;3931
469;name;2495
469;name;2640
469;name;6561
470;name;25667
470;name;24573
470;name;28927
470;name;24306
470;name;29070
470;name;6372
470;name;21500
470;name;26126
470;name;15926
470;name;3474
470;name;28239
470;name;32275
470;name;8463
470;name;19695
471;name;7580
471;name;8702
471;name;8570
471;name;4907
471;name;5879
471;name;5699
471;name;5932
471;name;10647
471;name;1279
471;name;3328
472;name;27565
472;name;27606
472;name;26243
472;name;3554
472;name;5658
472;name;21084
472;name;32159
472;name;3940
472;name;18643
472;name;19463
473;name;21494
473;name;2936
473;name;13946
473;name;21447
473;name;22519
473;name;28080
473;name;17862
473;name;31545
473;name;13553
473;name;14108
473;name;27107
473;name;14862
473;name;8304
474;name;9148
474;name;22119
474;name;16369
474;name;15785
474;name;29941
474;name;9276
474;name;15134
474;name;23868
474;name;2385
474;name;13934
474;name;30521
474;name;17100
474;name;2373
475;name;987
475;name;7462
475;name;8732
475;name;1334
475;name;698
475;name;9403
475;name;4814
475;name;3608
475;name;3291
476;name;1662
476;name;4598
476;name;5401
476;name;427
476;name;7366
476;name;7428
476;name;2601
476;name;4996
476;name;6041
476;name;986
477;name;9290
477;name;24858
477;name;21861
477;name;13843
477;name;22582
477;name;23572
478;name;7181
478;name;29120
478;name;24506
478;name;22400
478;name;13153
478;name;7556
478;name;7442
478;name;5968
478;name;23153
479;name;8027
479;name;5362
479;name;22490
479;name;26481
479;name;28154
479;name;12734
479;name;16723
479;name;28467
479;name;25145
479;name;3632
479;name;31904
479;name;4886
479;name;32181
479;name;5053
479;name;24523
479;name;7658
479;name;21678
479;name;30478
480;name;5356
480;name;10589
480;name;1413
480;name;11959
480;name;5362
480;name;3880
480;name;10985
480;name;4254
480;name;3351
481;name;1582
481;name;5978
481;name;9818
481;name;8648
481;name;8526
481;name;5374
481;name;787
481;name;5172
481;name;6789
481;name;3744
481;name;7093
481;name;2986
481;name;7672
481;name;6726
482;name;3453
482;name;7558
482;name;10512
482;name;9229
482;name;1630
482;name;12029
482;name;9200
482;name;1905
482;name;10439
482;name;6897
482;name;10313
482;name;11477
482;name;9082
483;name;1190
483;name;1583
483;name;5060
483;name;8461
483;name;8633
483;name;8267
483;name;9393
483;name;1505
483;name;4293
483;name;7308
483;name;2388
483;name;3039
483;name;5639
484;name;8372
484;name;1621
484;name;2812
484;name;11887
484;name;9657
484;name;6634
484;name;1358
484;name;3329
484;name;9407
484;name;8290
484;name;2226
484;name;4680
485;name;12066
485;name;15172
485;name;10051
485;name;25201
485;name;24875
485;name;17537
486;name;655
486;name;6258
486;name;6897
486;name;5851
486;name;2558
486;name;9673
486;name;6263
486;name;6576
486;name;8677
486;name;3501
486;name;4348
487;name;22330
487;name;7858
487;name;31262
487;name;8518
487;name;30106
487;name;10042
487;name;1331
487;name;15366
487;name;24533
487;name;3576
487;name;10728
487;name;7399
488;name;16394
488;name;16634
488;name;12357
488;name;17981
488;name;18603
488;name;17032
488;name;31603
488;name;19451
488;name;20130
488;name;10648
488;name;23866
488;name;13130
488;name;8850
489;name;6318
489;name;1149
489;name;8038
489;name;2863
489;name;1070
489;name;9050
489;name;5250
489;name;6235
489;name;9997
489;name;1263
489;name;3739
489;name;6026
489;name;4365
490;name;8408
490;name;7429
490;name;4501
490;name;8511
490;name;6725
490;name;6431
490;name;2869
491;name;3828
491;name;3651
491;name;708
491;name;8563
491;name;9236
491;name;7719
491;name;9284
491;name;9502
491;name;6570
491;name;8935
491;name;9150
491;name;2598
492;name;5420
492;name;4501
492;name;4364
492;name;6249
492;name;6770
492;name;6336
492;name;8274
492;name;1569
492;name;2238
493;name;3572
493;name;13715
493;name;10557
493;name;4056
493;name;2128
493;name;5360
493;name;19518
493;name;1127
493;name;9912
493;name;15503
493;name;3593
493;name;20247
493;name;22418
493;name;2208
493;name;16427
493;name;9848
493;name;23878
493;name;12395
494;name;6291
494;name;2057
494;name;6186
494;name;2494
494;name;2434
494;name;8898
494;name;3718
495;name;4475
495;name;8956
495;name;3611
495;name;5173
495;name;2800
495;name;8178
496;name;2049
496;name;4191
496;name;6892
496;name;1313
496;name;2607
496;name;6542
496;name;6859
496;name;9180
496;name;3669
497;name;7482
497;name;8308
497;name;5040
497;name;8031
497;name;6644
497;name;8643
497;name;2981
497;name;2548
498;name;8120
498;name;8418
498;name;9607
498;name;3560
498;name;6639
498;name;1671
499;name;7942
499;name;7635
499;name;9320
499;name;4102
499;name;1636
499;name;6705
499;name;4359
499;name;2503
499;name;2835
499;name;6363
499;name;4511
499;name;3337
499;name;6596
499;name;6633
499;name;8514
499;name;7288
499;name;1868
499;name;8794
